{"cameraMode":{"drawMode":0,"name":"Shaded","section":"Shading Mode"},"sceneLighting":true,"audioPlay":false,"sceneViewState":{"m_AlwaysRefresh":false,"showFog":true,"showSkybox":true,"showFlares":true,"showImageEffects":true,"showParticleSystems":true,"showVisualEffectGraphs":true,"m_FxEnabled":true},"in2DMode":false,"pivot":{"x":0.7840912938117981,"y":-0.7006826400756836,"z":-0.1840047985315323},"rotation":{"x":-0.03008776344358921,"y":0.9565075039863586,"z":-0.10662136226892472,"w":-0.26996421813964846},"size":2.474154472351074,"orthographic":false}